DESC,N_SIMS,ACC_FS_A,PVA,ACC_FS_V,PVV,N,P,KA,KV,MSEA,MSEV
lar1-no-fs-[0:7]-[],0,0.8,,0.0,,5000,10,10,500,1.974507761100472,3.3921842827648296
lar1-no-fs-[0:7]-[],1,0.8,,0.0,,5000,10,10,100,2.1473215218491584,2.8480167021009977
lar1-no-fs-[0:7]-[],2,0.8,,0.0,,5000,10,10,500,2.1609614630500555,3.6380109009180406
lar1-no-fs-[0:7]-[],3,0.8,,0.0,,5000,10,10,500,1.884316003078725,4.095985170726679
lar1-no-fs-[0:7]-[],4,0.8,,0.0,,5000,10,10,500,1.9250235832326037,1.8041031022132694
lar1-no-fs-[0:7]-[],5,0.8,,0.0,,5000,10,10,500,2.1019259026338406,3.2982966218428627
lar1-no-fs-[0:7]-[],6,0.8,,0.0,,5000,10,10,50,1.9931763772509912,3.7747885566204817
lar1-no-fs-[0:7]-[],7,0.8,,0.0,,5000,10,10,500,1.9709123794527608,3.5532792558038753
lar1-no-fs-[0:7]-[],8,0.8,,0.0,,5000,10,10,500,2.00992898003745,3.230748268404147
lar1-no-fs-[0:7]-[],9,0.8,,0.0,,5000,10,10,500,2.017003998268461,2.9323558502859983
lar1-no-fs-[0:7]-[],10,0.8,,0.0,,5000,10,10,500,1.8966593862921604,2.9291265698298803
lar1-no-fs-[0:7]-[],11,0.8,,0.0,,5000,10,10,500,1.932894090710934,3.024960492175797
lar1-no-fs-[0:7]-[],12,0.8,,0.0,,5000,10,10,500,2.0675842179602126,4.8817028365860065
lar1-no-fs-[0:7]-[],13,0.8,,0.0,,5000,10,10,200,2.1504320652081717,2.11963866764498
lar1-no-fs-[0:7]-[],14,0.8,,0.0,,5000,10,10,500,1.950207242060695,4.238746589579221
lar1-no-fs-[0:7]-[],15,0.8,,0.0,,5000,10,10,50,2.1486703432895093,2.1545442708975338
lar1-no-fs-[0:7]-[],16,0.8,,0.0,,5000,10,10,500,1.9565104968364808,3.403501494405657
lar1-no-fs-[0:7]-[],17,0.8,,0.0,,5000,10,10,50,2.10284012453614,2.9828430573649793
lar1-no-fs-[0:7]-[],18,0.8,,0.0,,5000,10,10,500,2.128870629391289,3.731341554151259
lar1-no-fs-[0:7]-[],19,0.8,,0.0,,5000,10,10,500,2.028413860153379,4.274870867454143
lar1-no-fs-[0:7]-[],20,0.8,,0.0,,5000,10,10,200,1.9730800373516482,2.1753796292207808
lar1-no-fs-[0:7]-[],21,0.8,,0.0,,5000,10,10,100,1.8331473794527071,2.2603511011152024
lar1-no-fs-[0:7]-[],22,0.8,,0.0,,5000,10,10,200,1.9128665320438683,2.3333225193355602
lar1-no-fs-[0:7]-[],23,0.8,,0.0,,5000,10,20,500,2.0459758039489824,3.3269872711858572
lar1-no-fs-[0:7]-[],24,0.8,,0.0,,5000,10,10,500,2.101391346363719,3.0355461739281977
lar1-no-fs-[0:7]-[],25,0.8,,0.0,,5000,10,10,500,2.2225917815104856,3.7671585282359237
lar1-no-fs-[0:7]-[],26,0.8,,0.0,,5000,10,10,200,1.9421708389714243,3.217018023633714
lar1-no-fs-[0:7]-[],27,0.8,,0.0,,5000,10,10,100,2.0719428341203865,2.1514583883208926
lar1-no-fs-[0:7]-[],28,0.8,,0.0,,5000,10,10,500,1.9641596495183424,3.961242460014034
lar1-no-fs-[0:7]-[],29,0.8,,0.0,,5000,10,10,20,2.1669142019604415,4.5891503981548265
lar1-no-fs-[0:7]-[],0,0.32,,0.0,,5000,25,10,200,4.93931834575467,15.487403222953127
lar1-no-fs-[0:7]-[],1,0.32,,0.0,,5000,25,10,100,5.0392816322348635,16.18224547449018
lar1-no-fs-[0:7]-[],2,0.32,,0.0,,5000,25,10,200,5.216863997469038,21.65869139115074
lar1-no-fs-[0:7]-[],3,0.32,,0.0,,5000,25,10,500,5.335899299132501,33.90351842041681
lar1-no-fs-[0:7]-[],4,0.32,,0.0,,5000,25,10,200,5.477435034533849,24.68957275094117
lar1-no-fs-[0:7]-[],5,0.32,,0.0,,5000,25,10,500,4.769152299962299,27.155345968480372
lar1-no-fs-[0:7]-[],6,0.32,,0.0,,5000,25,10,200,5.337593234577564,22.435714389226803
lar1-no-fs-[0:7]-[],7,0.32,,0.0,,5000,25,20,500,5.417933052556719,31.756253640338226
lar1-no-fs-[0:7]-[],8,0.32,,0.0,,5000,25,10,500,5.27211314250968,33.78087748454469
lar1-no-fs-[0:7]-[],9,0.32,,0.0,,5000,25,10,500,5.0840868772431556,24.93223607792245
lar1-no-fs-[0:7]-[],10,0.32,,0.0,,5000,25,10,200,4.930552154970776,21.40874236215158
lar1-no-fs-[0:7]-[],11,0.32,,0.0,,5000,25,10,100,5.321729777983282,25.507585475062893
lar1-no-fs-[0:7]-[],12,0.32,,0.0,,5000,25,20,500,5.2822397624679445,31.37426909189042
lar1-no-fs-[0:7]-[],13,0.32,,0.0,,5000,25,10,500,5.184959081342353,25.333934991591505
lar1-no-fs-[0:7]-[],14,0.32,,0.0,,5000,25,10,200,5.1921922534794955,18.99317856278572
lar1-no-fs-[0:7]-[],15,0.32,,0.0,,5000,25,10,500,4.951421931381335,19.411504665807495
lar1-no-fs-[0:7]-[],16,0.32,,0.0,,5000,25,10,200,4.959260058233987,17.53220753264995
lar1-no-fs-[0:7]-[],17,0.32,,0.0,,5000,25,10,500,5.23175558399997,26.917813559497887
lar1-no-fs-[0:7]-[],18,0.32,,0.0,,5000,25,10,500,5.271589907484982,27.09451808544223
lar1-no-fs-[0:7]-[],19,0.32,,0.0,,5000,25,10,500,4.700546479232377,22.091326932581058
lar1-no-fs-[0:7]-[],20,0.32,,0.0,,5000,25,10,500,4.8234202733819505,22.968201249785718
lar1-no-fs-[0:7]-[],21,0.32,,0.0,,5000,25,10,500,6.214460572469176,38.59320897064865
lar1-no-fs-[0:7]-[],22,0.32,,0.0,,5000,25,20,100,5.144327003655973,19.283164383664694
lar1-no-fs-[0:7]-[],23,0.32,,0.0,,5000,25,10,100,4.892549776032419,15.828528080339694
lar1-no-fs-[0:7]-[],24,0.32,,0.0,,5000,25,10,500,4.912379623824477,20.181883917286264
lar1-no-fs-[0:7]-[],25,0.32,,0.0,,5000,25,10,500,4.7978809816753945,21.667050168065447
lar1-no-fs-[0:7]-[],26,0.32,,0.0,,5000,25,10,100,4.735021973074262,13.254036186238206
lar1-no-fs-[0:7]-[],27,0.32,,0.0,,5000,25,10,200,5.3226833512589,24.272847670764516
lar1-no-fs-[0:7]-[],28,0.32,,0.0,,5000,25,10,500,5.11200093575689,24.500054178615578
lar1-no-fs-[0:7]-[],29,0.32,,0.0,,5000,25,10,500,5.313917470588918,32.01215066643039
lar1-no-fs-[0:7]-[],0,0.16,,0.0,,5000,50,20,500,6.9640836899301215,44.92601895398121
lar1-no-fs-[0:7]-[],1,0.16,,0.0,,5000,50,10,100,7.20911647548021,47.77514049224618
lar1-no-fs-[0:7]-[],2,0.16,,0.0,,5000,50,20,500,7.941684407479735,55.49246603836628
lar1-no-fs-[0:7]-[],3,0.16,,0.0,,5000,50,10,500,7.148834871388652,50.642116732769075
lar1-no-fs-[0:7]-[],4,0.16,,0.0,,5000,50,20,500,7.417263565572271,45.354452917129514
lar1-no-fs-[0:7]-[],5,0.16,,0.0,,5000,50,20,50,7.185438183909655,57.58078557622678
lar1-no-fs-[0:7]-[],6,0.16,,0.0,,5000,50,20,500,6.991845991727861,52.246527971206085
lar1-no-fs-[0:7]-[],7,0.16,,0.0,,5000,50,20,500,7.58179677393992,56.80160332599796
lar1-no-fs-[0:7]-[],8,0.16,,0.0,,5000,50,20,500,7.543222967711701,62.22409083152703
lar1-no-fs-[0:7]-[],9,0.16,,0.0,,5000,50,20,100,7.512030180630117,56.593697672374056
lar1-no-fs-[0:7]-[],10,0.16,,0.0,,5000,50,10,100,7.508886503290817,54.76524962011592
lar1-no-fs-[0:7]-[],11,0.16,,0.0,,5000,50,10,100,7.741555236108106,53.39646289767632
lar1-no-fs-[0:7]-[],12,0.16,,0.0,,5000,50,20,500,7.575724778883282,57.77157771519291
lar1-no-fs-[0:7]-[],13,0.16,,0.0,,5000,50,20,500,7.522243205291686,61.32429137248893
lar1-no-fs-[0:7]-[],14,0.16,,0.0,,5000,50,20,200,7.644988945801833,53.61722613731034
lar1-no-fs-[0:7]-[],15,0.16,,0.0,,5000,50,10,500,7.263145507287975,50.91721923437169
lar1-no-fs-[0:7]-[],16,0.16,,0.0,,5000,50,20,500,7.177742072291736,59.03194783276771
lar1-no-fs-[0:7]-[],17,0.16,,0.0,,5000,50,20,500,7.504068575563625,52.00165963631702
lar1-no-fs-[0:7]-[],18,0.16,,0.0,,5000,50,20,500,7.841467174595624,64.72865235803181
lar1-no-fs-[0:7]-[],19,0.16,,0.0,,5000,50,20,200,7.484946808994854,40.0251756555013
lar1-no-fs-[0:7]-[],20,0.16,,0.0,,5000,50,20,500,7.44771381871331,60.52522336062191
lar1-no-fs-[0:7]-[],21,0.16,,0.0,,5000,50,10,500,7.842100530425235,60.49595675604571
lar1-no-fs-[0:7]-[],22,0.16,,0.0,,5000,50,20,500,7.364391323734242,57.249056070807725
lar1-no-fs-[0:7]-[],23,0.16,,0.0,,5000,50,20,500,7.447359973170198,56.30056514415301
lar1-no-fs-[0:7]-[],24,0.16,,0.0,,5000,50,20,500,7.523034064347282,44.28475121589954
lar1-no-fs-[0:7]-[],25,0.16,,0.0,,5000,50,20,500,7.524832229350341,60.5142136329255
lar1-no-fs-[0:7]-[],26,0.16,,0.0,,5000,50,10,200,6.794524725616878,39.999000525507554
lar1-no-fs-[0:7]-[],27,0.16,,0.0,,5000,50,20,200,7.463141130443368,35.38638737204272
lar1-no-fs-[0:7]-[],28,0.16,,0.0,,5000,50,20,500,7.427994103926575,60.03235661938606
lar1-no-fs-[0:7]-[],29,0.16,,0.0,,5000,50,10,500,7.652246079054283,56.125281803908365
lar1-no-fs-[0:7]-[],0,0.08,,0.0,,5000,100,20,500,9.041253425983115,95.34955013754212
lar1-no-fs-[0:7]-[],1,0.08,,0.0,,5000,100,20,500,9.136832596499367,85.1586757975946
lar1-no-fs-[0:7]-[],2,0.08,,0.0,,5000,100,20,100,9.064993978064626,81.90323658473031
lar1-no-fs-[0:7]-[],3,0.08,,0.0,,5000,100,20,500,9.443390807085414,77.91924187520661
lar1-no-fs-[0:7]-[],4,0.08,,0.0,,5000,100,20,500,9.498493531364886,110.43587455690424
lar1-no-fs-[0:7]-[],5,0.08,,0.0,,5000,100,20,500,9.770233271212629,77.50585187227992
lar1-no-fs-[0:7]-[],6,0.08,,0.0,,5000,100,20,500,9.226987978101807,83.25535611014578
lar1-no-fs-[0:7]-[],7,0.08,,0.0,,5000,100,20,500,9.077634161699855,81.24665469636072
lar1-no-fs-[0:7]-[],8,0.08,,0.0,,5000,100,20,100,9.01551558031137,64.0390485981391
lar1-no-fs-[0:7]-[],9,0.08,,0.0,,5000,100,20,500,9.371479861816942,87.54515860751586
lar1-no-fs-[0:7]-[],10,0.08,,0.0,,5000,100,20,500,9.152914184792445,72.7316443461426
lar1-no-fs-[0:7]-[],11,0.08,,0.0,,5000,100,20,500,9.47220037759984,63.09133278917116
lar1-no-fs-[0:7]-[],12,0.08,,0.0,,5000,100,20,100,9.652855442899195,95.09434089240018
lar1-no-fs-[0:7]-[],13,0.08,,0.0,,5000,100,20,500,9.681300983335959,91.82772837979432
lar1-no-fs-[0:7]-[],14,0.08,,0.0,,5000,100,20,500,9.51914627707257,88.05456863690229
lar1-no-fs-[0:7]-[],15,0.08,,0.0,,5000,100,20,500,9.41874017834675,106.25570662480786
lar1-no-fs-[0:7]-[],16,0.08,,0.0,,5000,100,20,500,9.524347439439094,93.06891410843869
lar1-no-fs-[0:7]-[],17,0.08,,0.0,,5000,100,20,500,9.626851886315457,99.78400098416041
lar1-no-fs-[0:7]-[],18,0.08,,0.0,,5000,100,20,500,8.933703543159313,76.86485892096984
lar1-no-fs-[0:7]-[],19,0.08,,0.0,,5000,100,20,200,8.937143529871435,65.40113184191274
lar1-no-fs-[0:7]-[],20,0.08,,0.0,,5000,100,20,500,9.616102644835399,77.01903803059054
lar1-no-fs-[0:7]-[],21,0.08,,0.0,,5000,100,20,500,9.409634675557873,95.55765512753337
lar1-no-fs-[0:7]-[],22,0.08,,0.0,,5000,100,20,500,9.59103875483358,76.88137153365368
lar1-no-fs-[0:7]-[],23,0.08,,0.0,,5000,100,20,50,9.344174252149116,94.0506221967505
lar1-no-fs-[0:7]-[],24,0.08,,0.0,,5000,100,20,500,9.730447464242014,104.45266883218197
lar1-no-fs-[0:7]-[],25,0.08,,0.0,,5000,100,20,500,9.83754871838837,86.97407096844768
lar1-no-fs-[0:7]-[],26,0.08,,0.0,,5000,100,20,200,9.590594585413255,64.8335270057925
lar1-no-fs-[0:7]-[],27,0.08,,0.0,,5000,100,20,200,9.855407760517657,77.43888763705161
lar1-no-fs-[0:7]-[],28,0.08,,0.0,,5000,100,20,500,9.33127230228906,78.26334779174262
lar1-no-fs-[0:7]-[],29,0.08,,0.0,,5000,100,20,100,9.856867394806514,82.18448778599269
lar1-no-fs-[0:7]-[],0,0.8,,0.0,,10000,10,10,1000,1.6443574710888358,2.3030981243683097
lar1-no-fs-[0:7]-[],1,0.8,,0.0,,10000,10,10,1000,1.801909660081554,2.9890326332989505
lar1-no-fs-[0:7]-[],2,0.8,,0.0,,10000,10,10,500,1.624896183439349,2.1845773401860895
lar1-no-fs-[0:7]-[],3,0.8,,0.0,,10000,10,20,500,1.712955434426508,2.2885458177213462
lar1-no-fs-[0:7]-[],4,0.8,,0.0,,10000,10,10,1000,1.592266873721657,2.1345283558198425
lar1-no-fs-[0:7]-[],5,0.8,,0.0,,10000,10,10,100,1.6790852490424124,1.7996103432645505
lar1-no-fs-[0:7]-[],6,0.8,,0.0,,10000,10,10,1000,1.5357870190233625,1.830877503255418
lar1-no-fs-[0:7]-[],7,0.8,,0.0,,10000,10,10,500,1.6046986019077654,1.6955864144182735
lar1-no-fs-[0:7]-[],8,0.8,,0.0,,10000,10,10,1000,1.5478992563910474,2.0555445318170684
lar1-no-fs-[0:7]-[],9,0.8,,0.0,,10000,10,10,1000,1.6044418580945325,2.2424098587331005
lar1-no-fs-[0:7]-[],10,0.8,,0.0,,10000,10,10,1000,1.611377624479563,2.766723686572587
lar1-no-fs-[0:7]-[],11,0.8,,0.0,,10000,10,10,100,1.6791976864559162,2.0740170753033547
lar1-no-fs-[0:7]-[],12,0.8,,0.0,,10000,10,10,200,1.7281697098655855,2.73278301515142
lar1-no-fs-[0:7]-[],13,0.8,,0.0,,10000,10,10,500,1.5921265651145062,1.894279991344205
lar1-no-fs-[0:7]-[],14,0.8,,0.0,,10000,10,10,1000,1.6171080491054264,2.6546146960971466
lar1-no-fs-[0:7]-[],15,0.8,,0.0,,10000,10,10,500,1.6593142861656247,1.5298739020711776
lar1-no-fs-[0:7]-[],16,0.8,,0.0,,10000,10,10,200,1.5894891654706305,2.2010815759424673
lar1-no-fs-[0:7]-[],17,0.8,,0.0,,10000,10,10,500,1.4941243031929756,1.6260565126315243
lar1-no-fs-[0:7]-[],18,0.8,,0.0,,10000,10,10,1000,1.5114648232922734,2.3232148225547404
lar1-no-fs-[0:7]-[],19,0.8,,0.0,,10000,10,10,1000,1.5973637457276346,2.3189081962752276
lar1-no-fs-[0:7]-[],20,0.8,,0.0,,10000,10,10,1000,1.6757356896601336,2.829392016318386
lar1-no-fs-[0:7]-[],21,0.8,,0.0,,10000,10,10,1000,1.692836698779251,1.8460345018020172
lar1-no-fs-[0:7]-[],22,0.8,,0.0,,10000,10,10,100,1.6962772434955462,1.884754794460349
lar1-no-fs-[0:7]-[],23,0.8,,0.0,,10000,10,10,1000,1.6017068989206802,1.7951092636309367
lar1-no-fs-[0:7]-[],24,0.8,,0.0,,10000,10,10,1000,1.5883315223916916,2.325609132370369
lar1-no-fs-[0:7]-[],25,0.8,,0.0,,10000,10,10,1000,1.5478524284024766,2.195323051197731
lar1-no-fs-[0:7]-[],26,0.8,,0.0,,10000,10,10,200,1.5673434425368804,1.484776496575247
lar1-no-fs-[0:7]-[],27,0.8,,0.0,,10000,10,10,500,1.5921056257272164,1.9764325287742008
lar1-no-fs-[0:7]-[],28,0.8,,0.0,,10000,10,10,1000,1.6988755247032237,2.1409032842948297
lar1-no-fs-[0:7]-[],29,0.8,,0.0,,10000,10,10,1000,1.6004050417220537,2.199221145824086
lar1-no-fs-[0:7]-[],0,0.32,,0.0,,10000,25,10,200,4.576502919006644,18.354583491284064
lar1-no-fs-[0:7]-[],1,0.32,,0.0,,10000,25,10,1000,4.625677085220826,16.394008896673622
lar1-no-fs-[0:7]-[],2,0.32,,0.0,,10000,25,10,500,4.48957868955262,16.2370044347503
lar1-no-fs-[0:7]-[],3,0.32,,0.0,,10000,25,10,1000,4.543086035910834,20.240911882188502
lar1-no-fs-[0:7]-[],4,0.32,,0.0,,10000,25,20,1000,4.772349407734451,18.698117877488457
lar1-no-fs-[0:7]-[],5,0.32,,0.0,,10000,25,10,1000,4.479153331924927,22.896397694602268
lar1-no-fs-[0:7]-[],6,0.32,,0.0,,10000,25,20,200,4.2560480421597635,14.369593854361476
lar1-no-fs-[0:7]-[],7,0.32,,0.0,,10000,25,20,1000,4.446483732461794,16.998604531857378
lar1-no-fs-[0:7]-[],8,0.32,,0.0,,10000,25,10,50,4.570380376601179,17.645469661321027
lar1-no-fs-[0:7]-[],9,0.32,,0.0,,10000,25,20,100,4.563397141923555,16.200978056603322
lar1-no-fs-[0:7]-[],10,0.32,,0.0,,10000,25,20,1000,4.837790595222875,20.202133421773535
lar1-no-fs-[0:7]-[],11,0.32,,0.0,,10000,25,10,1000,4.64420062309759,15.84645834173501
lar1-no-fs-[0:7]-[],12,0.32,,0.0,,10000,25,20,1000,4.523282965553116,20.78116918834167
lar1-no-fs-[0:7]-[],13,0.32,,0.0,,10000,25,10,500,4.578826601463037,15.765664660871625
lar1-no-fs-[0:7]-[],14,0.32,,0.0,,10000,25,20,1000,4.313796560134842,16.002375289760863
lar1-no-fs-[0:7]-[],15,0.32,,0.0,,10000,25,10,100,4.4490466981291785,16.949202925226583
lar1-no-fs-[0:7]-[],16,0.32,,0.0,,10000,25,10,1000,4.828899526341037,27.059868024315453
lar1-no-fs-[0:7]-[],17,0.32,,0.0,,10000,25,20,1000,4.663323932546632,22.324053231356487
lar1-no-fs-[0:7]-[],18,0.32,,0.0,,10000,25,10,1000,4.598872622932814,17.570923769969284
lar1-no-fs-[0:7]-[],19,0.32,,0.0,,10000,25,20,100,4.699330040454586,16.279804678163682
lar1-no-fs-[0:7]-[],20,0.32,,0.0,,10000,25,10,1000,4.777161831111703,18.27616308066494
lar1-no-fs-[0:7]-[],21,0.32,,0.0,,10000,25,20,1000,4.722360168596267,19.035026931035553
lar1-no-fs-[0:7]-[],22,0.32,,0.0,,10000,25,10,1000,4.501428082649263,22.94468160215876
lar1-no-fs-[0:7]-[],23,0.32,,0.0,,10000,25,20,1000,4.394253479107532,19.396677889292857
lar1-no-fs-[0:7]-[],24,0.32,,0.0,,10000,25,10,1000,4.47234890335315,19.579079658158793
lar1-no-fs-[0:7]-[],25,0.32,,0.0,,10000,25,20,500,4.91656425212174,24.07317465379355
lar1-no-fs-[0:7]-[],26,0.32,,0.0,,10000,25,10,1000,4.696756232872051,19.846740103391884
lar1-no-fs-[0:7]-[],27,0.32,,0.0,,10000,25,20,1000,4.369196693413637,19.59447202295906
lar1-no-fs-[0:7]-[],28,0.32,,0.0,,10000,25,10,1000,4.60817282264927,21.525304177127357
lar1-no-fs-[0:7]-[],29,0.32,,0.0,,10000,25,20,200,4.290900085292896,11.549462441412075
lar1-no-fs-[0:7]-[],0,0.16,,0.0,,10000,50,20,1000,6.749157074347192,47.03031940591509
lar1-no-fs-[0:7]-[],1,0.16,,0.0,,10000,50,10,1000,7.374160774761164,46.25169737447695
lar1-no-fs-[0:7]-[],2,0.16,,0.0,,10000,50,20,1000,6.901335257925135,42.14426233102257
lar1-no-fs-[0:7]-[],3,0.16,,0.0,,10000,50,20,100,6.7055012299991645,39.41803767687388
lar1-no-fs-[0:7]-[],4,0.16,,0.0,,10000,50,20,200,7.022568326736223,43.69404920848433
lar1-no-fs-[0:7]-[],5,0.16,,0.0,,10000,50,20,500,7.190459679132864,51.35418571529918
lar1-no-fs-[0:7]-[],6,0.16,,0.0,,10000,50,20,1000,6.582941282856182,39.242704145355404
lar1-no-fs-[0:7]-[],7,0.16,,0.0,,10000,50,20,1000,6.972805216788908,46.867844296119145
lar1-no-fs-[0:7]-[],8,0.16,,0.0,,10000,50,20,200,7.28025544743382,37.687727933040634
lar1-no-fs-[0:7]-[],9,0.16,,0.0,,10000,50,20,1000,6.9713696656547,45.81635877876036
lar1-no-fs-[0:7]-[],10,0.16,,0.0,,10000,50,20,1000,6.983859572189075,45.52029738217821
lar1-no-fs-[0:7]-[],11,0.16,,0.0,,10000,50,20,200,6.765163605242105,40.53669134742403
lar1-no-fs-[0:7]-[],12,0.16,,0.0,,10000,50,20,1000,6.925189990728461,40.00423789016399
lar1-no-fs-[0:7]-[],13,0.16,,0.0,,10000,50,20,1000,6.759394213569144,42.582616390263816
lar1-no-fs-[0:7]-[],14,0.16,,0.0,,10000,50,10,1000,7.266979010988372,53.56411243655096
lar1-no-fs-[0:7]-[],15,0.16,,0.0,,10000,50,20,1000,6.9569514079601635,44.270249493292745
lar1-no-fs-[0:7]-[],16,0.16,,0.0,,10000,50,20,1000,7.068987126511741,60.68716228195075
lar1-no-fs-[0:7]-[],17,0.16,,0.0,,10000,50,20,500,6.941446161350755,40.272161163195115
lar1-no-fs-[0:7]-[],18,0.16,,0.0,,10000,50,20,200,6.650138722863673,40.18407967268052
lar1-no-fs-[0:7]-[],19,0.16,,0.0,,10000,50,20,1000,6.897153258955319,43.71390531489349
lar1-no-fs-[0:7]-[],20,0.16,,0.0,,10000,50,20,500,6.994456994632668,43.00035872998279
lar1-no-fs-[0:7]-[],21,0.16,,0.0,,10000,50,20,500,6.9740724484917225,39.07339065326524
lar1-no-fs-[0:7]-[],22,0.16,,0.0,,10000,50,10,100,7.373898301088846,50.27667339952649
lar1-no-fs-[0:7]-[],23,0.16,,0.0,,10000,50,20,500,7.042254304016182,45.7939831903245
lar1-no-fs-[0:7]-[],24,0.16,,0.0,,10000,50,20,1000,6.435503909766225,41.98157225000752
lar1-no-fs-[0:7]-[],25,0.16,,0.0,,10000,50,20,500,6.2743070610289555,39.777875990533616
lar1-no-fs-[0:7]-[],26,0.16,,0.0,,10000,50,20,1000,7.149910726387694,41.03011538171891
lar1-no-fs-[0:7]-[],27,0.16,,0.0,,10000,50,20,1000,7.355570229898408,49.136781322329284
lar1-no-fs-[0:7]-[],28,0.16,,0.0,,10000,50,20,1000,6.85699016024125,50.63899028340117
lar1-no-fs-[0:7]-[],29,0.16,,0.0,,10000,50,20,1000,6.978335577636059,52.19933224843196
lar1-no-fs-[0:7]-[],0,0.08,,0.0,,10000,100,20,1000,8.985945190816308,81.3860949610974
lar1-no-fs-[0:7]-[],1,0.08,,0.0,,10000,100,20,1000,8.923797377448178,88.44122430266326
lar1-no-fs-[0:7]-[],2,0.08,,0.0,,10000,100,20,1000,8.86621101422602,77.54901326295945
lar1-no-fs-[0:7]-[],3,0.08,,0.0,,10000,100,20,200,9.252570500597377,77.46087762152644
lar1-no-fs-[0:7]-[],4,0.08,,0.0,,10000,100,20,500,9.071570764631451,89.47950060540634
lar1-no-fs-[0:7]-[],5,0.08,,0.0,,10000,100,20,1000,9.078572508281322,85.8557097930568
lar1-no-fs-[0:7]-[],6,0.08,,0.0,,10000,100,20,1000,9.069501700183967,72.15752236453429
lar1-no-fs-[0:7]-[],7,0.08,,0.0,,10000,100,20,1000,9.15559672551655,89.65625791618575
lar1-no-fs-[0:7]-[],8,0.08,,0.0,,10000,100,20,1000,9.03872848103529,88.71809908492925
lar1-no-fs-[0:7]-[],9,0.08,,0.0,,10000,100,20,200,8.694559419498466,78.09505108779709
lar1-no-fs-[0:7]-[],10,0.08,,0.0,,10000,100,20,1000,9.120678201101123,83.04059625361073
lar1-no-fs-[0:7]-[],11,0.08,,0.0,,10000,100,20,1000,8.902665914762949,77.24367676539696
lar1-no-fs-[0:7]-[],12,0.08,,0.0,,10000,100,20,500,8.87498907562943,76.43534656872792
lar1-no-fs-[0:7]-[],13,0.08,,0.0,,10000,100,20,1000,8.907868120197481,69.71263559262552
lar1-no-fs-[0:7]-[],14,0.08,,0.0,,10000,100,20,1000,8.71793645793697,75.11345881023706
lar1-no-fs-[0:7]-[],15,0.08,,0.0,,10000,100,20,1000,8.902538953737036,73.51998963968286
lar1-no-fs-[0:7]-[],16,0.08,,0.0,,10000,100,20,1000,9.123340960386605,71.50123604186058
lar1-no-fs-[0:7]-[],17,0.08,,0.0,,10000,100,20,1000,9.366269163331117,77.60164734120424
lar1-no-fs-[0:7]-[],18,0.08,,0.0,,10000,100,20,1000,8.838307937534188,70.8775645324466
lar1-no-fs-[0:7]-[],19,0.08,,0.0,,10000,100,20,1000,9.298404887218691,97.19953680472639
lar1-no-fs-[0:7]-[],20,0.08,,0.0,,10000,100,20,1000,8.795630344591045,71.73272012136704
lar1-no-fs-[0:7]-[],21,0.08,,0.0,,10000,100,20,2000,8.876494054916654,80.45031313300302
lar1-no-fs-[0:7]-[],22,0.08,,0.0,,10000,100,20,1000,9.046687336783522,75.47886235522107
lar1-no-fs-[0:7]-[],23,0.08,,0.0,,10000,100,20,1000,8.972530673184744,73.42324340677892
lar1-no-fs-[0:7]-[],24,0.08,,0.0,,10000,100,20,1000,8.948997952619612,83.17807325678602
lar1-no-fs-[0:7]-[],25,0.08,,0.0,,10000,100,20,500,8.907552026584689,69.65000149020022
lar1-no-fs-[0:7]-[],26,0.08,,0.0,,10000,100,20,1000,8.796886720987636,70.87962672315471
lar1-no-fs-[0:7]-[],27,0.08,,0.0,,10000,100,20,200,8.98495584162382,73.78269829934737
lar1-no-fs-[0:7]-[],28,0.08,,0.0,,10000,100,20,1000,9.441296002638744,69.63186733445325
lar1-no-fs-[0:7]-[],29,0.08,,0.0,,10000,100,20,1000,8.751555432538144,78.49009085062816
lar1-no-fs-[0:7]-[],0,0.8,,0.0,,20000,10,20,200,1.3631919165540682,1.2702301102838465
lar1-no-fs-[0:7]-[],1,0.8,,0.0,,20000,10,10,2000,1.3565411447372369,1.6108274124455892
lar1-no-fs-[0:7]-[],2,0.8,,0.0,,20000,10,10,1000,1.280639668104925,1.4794188329922804
lar1-no-fs-[0:7]-[],3,0.8,,0.0,,20000,10,20,2000,1.2655579628046987,1.4374887313921934
lar1-no-fs-[0:7]-[],4,0.8,,0.0,,20000,10,10,500,1.233997488112141,1.0600391107960714
lar1-no-fs-[0:7]-[],5,0.8,,0.0,,20000,10,10,2000,1.2607849322002163,1.5549527650929802
lar1-no-fs-[0:7]-[],6,0.8,,0.0,,20000,10,10,2000,1.2891292482920726,1.3857829891597249
lar1-no-fs-[0:7]-[],7,0.8,,0.0,,20000,10,20,2000,1.3415077133658813,1.601766104929282
lar1-no-fs-[0:7]-[],8,0.8,,0.0,,20000,10,10,2000,1.3296815127448034,1.4293937211563283
lar1-no-fs-[0:7]-[],9,0.8,,0.0,,20000,10,10,200,1.3499099201777678,1.3933949560494687
lar1-no-fs-[0:7]-[],10,0.8,,0.0,,20000,10,20,200,1.3045817437529619,1.215393782195671
lar1-no-fs-[0:7]-[],11,0.8,,0.0,,20000,10,10,2000,1.2867305287445896,1.2539431975554596
lar1-no-fs-[0:7]-[],12,0.8,,0.0,,20000,10,10,2000,1.2655596278068426,1.4389260658688174
lar1-no-fs-[0:7]-[],13,0.8,,0.0,,20000,10,10,200,1.2486939396178838,1.2327290308861003
lar1-no-fs-[0:7]-[],14,0.8,,0.0,,20000,10,20,100,1.2570594671446187,1.1418488132773938
lar1-no-fs-[0:7]-[],15,0.8,,0.0,,20000,10,20,1000,1.327240084302735,1.1997305078064753
lar1-no-fs-[0:7]-[],16,0.8,,0.0,,20000,10,20,2000,1.2622945411091564,1.2382210841091297
lar1-no-fs-[0:7]-[],17,0.8,,0.0,,20000,10,10,200,1.303020390282968,1.128339218101345
lar1-no-fs-[0:7]-[],18,0.8,,0.0,,20000,10,10,1000,1.2689440218957393,1.2990232177281422
lar1-no-fs-[0:7]-[],19,0.8,,0.0,,20000,10,10,2000,1.2563872437463044,1.3048933270613916
lar1-no-fs-[0:7]-[],20,0.8,,0.0,,20000,10,20,2000,1.2423818711903643,1.3102808307802227
lar1-no-fs-[0:7]-[],21,0.8,,0.0,,20000,10,10,2000,1.3150321928447535,1.6384256878722019
lar1-no-fs-[0:7]-[],22,0.8,,0.0,,20000,10,10,1000,1.2858432772009998,1.3621475423320197
lar1-no-fs-[0:7]-[],23,0.8,,0.0,,20000,10,10,2000,1.2520479294423408,1.2770581386423703
lar1-no-fs-[0:7]-[],24,0.8,,0.0,,20000,10,10,200,1.2208073831223452,0.9575187109986749
lar1-no-fs-[0:7]-[],25,0.8,,0.0,,20000,10,10,1000,1.276167235761657,1.3039958045609454
lar1-no-fs-[0:7]-[],26,0.8,,0.0,,20000,10,20,1000,1.260288033890975,1.1133730902904875
lar1-no-fs-[0:7]-[],27,0.8,,0.0,,20000,10,20,2000,1.3064890392901027,1.2576022155136009
lar1-no-fs-[0:7]-[],28,0.8,,0.0,,20000,10,10,500,1.3622607555679698,1.3993618314051863
lar1-no-fs-[0:7]-[],29,0.8,,0.0,,20000,10,10,500,1.3616325143785741,1.3875031506241509
lar1-no-fs-[0:7]-[],0,0.32,,0.0,,20000,25,20,2000,4.087796490040447,13.659199489235354
lar1-no-fs-[0:7]-[],1,0.32,,0.0,,20000,25,20,1000,4.029881942910672,14.759377145076336
lar1-no-fs-[0:7]-[],2,0.32,,0.0,,20000,25,10,1000,4.201212662887304,13.66423073578691
lar1-no-fs-[0:7]-[],3,0.32,,0.0,,20000,25,20,2000,4.127951341262312,15.701947196218043
lar1-no-fs-[0:7]-[],4,0.32,,0.0,,20000,25,20,500,4.227841721050756,12.190377957844978
lar1-no-fs-[0:7]-[],5,0.32,,0.0,,20000,25,20,2000,4.031484396523951,14.734076800015623
lar1-no-fs-[0:7]-[],6,0.32,,0.0,,20000,25,10,2000,3.985322387857929,15.240835570496928
lar1-no-fs-[0:7]-[],7,0.32,,0.0,,20000,25,20,2000,3.8205045347771613,13.569411204279845
lar1-no-fs-[0:7]-[],8,0.32,,0.0,,20000,25,20,1000,3.8531794892368096,12.566139540111122
lar1-no-fs-[0:7]-[],9,0.32,,0.0,,20000,25,20,2000,4.092262703455369,16.044223397812814
lar1-no-fs-[0:7]-[],10,0.32,,0.0,,20000,25,20,2000,4.141359956017828,17.073581567387084
lar1-no-fs-[0:7]-[],11,0.32,,0.0,,20000,25,20,500,4.002895935861997,11.94024585195803
lar1-no-fs-[0:7]-[],12,0.32,,0.0,,20000,25,10,1000,3.9906359471983617,13.876141915062155
lar1-no-fs-[0:7]-[],13,0.32,,0.0,,20000,25,20,1000,4.114735640289492,13.190304273176741
lar1-no-fs-[0:7]-[],14,0.32,,0.0,,20000,25,20,2000,4.122274937390214,15.782430047567617
lar1-no-fs-[0:7]-[],15,0.32,,0.0,,20000,25,20,2000,3.9579266121467636,13.16961164147322
lar1-no-fs-[0:7]-[],16,0.32,,0.0,,20000,25,20,2000,4.2521918869276165,15.671230134500126
lar1-no-fs-[0:7]-[],17,0.32,,0.0,,20000,25,20,2000,3.972107758071838,14.811432140939619
lar1-no-fs-[0:7]-[],18,0.32,,0.0,,20000,25,20,1000,3.921443494610142,12.272749273896688
lar1-no-fs-[0:7]-[],19,0.32,,0.0,,20000,25,10,2000,4.154024727095447,15.687146627221187
lar1-no-fs-[0:7]-[],20,0.32,,0.0,,20000,25,20,1000,3.9569715323960843,12.682908681704982
lar1-no-fs-[0:7]-[],21,0.32,,0.0,,20000,25,20,2000,4.062881294487357,15.427088731670283
lar1-no-fs-[0:7]-[],22,0.32,,0.0,,20000,25,20,200,4.073856454177025,11.771507618000973
lar1-no-fs-[0:7]-[],23,0.32,,0.0,,20000,25,10,2000,4.170335614045372,17.14146850375927
lar1-no-fs-[0:7]-[],24,0.32,,0.0,,20000,25,20,2000,3.804404101369185,17.060681304156954
lar1-no-fs-[0:7]-[],25,0.32,,0.0,,20000,25,20,1000,4.2701094480656065,13.711714076278295
lar1-no-fs-[0:7]-[],26,0.32,,0.0,,20000,25,20,1000,4.058106768204638,13.053698193651973
lar1-no-fs-[0:7]-[],27,0.32,,0.0,,20000,25,20,2000,4.021463111439936,13.899351149325755
lar1-no-fs-[0:7]-[],28,0.32,,0.0,,20000,25,20,2000,3.982976663446388,12.963798154393368
lar1-no-fs-[0:7]-[],29,0.32,,0.0,,20000,25,20,2000,4.20818422099394,16.549972877183823
lar1-no-fs-[0:7]-[],0,0.16,,0.0,,20000,50,20,500,6.847465336770157,36.706030242034174
lar1-no-fs-[0:7]-[],1,0.16,,0.0,,20000,50,20,2000,6.407303130947644,39.81860333255186
lar1-no-fs-[0:7]-[],2,0.16,,0.0,,20000,50,20,2000,6.615817355402684,41.396180350537534
lar1-no-fs-[0:7]-[],3,0.16,,0.0,,20000,50,20,2000,6.5050443397303095,39.814417190654765
lar1-no-fs-[0:7]-[],4,0.16,,0.0,,20000,50,20,500,6.4351421896575545,35.08813181076853
lar1-no-fs-[0:7]-[],5,0.16,,0.0,,20000,50,20,2000,6.412257608046567,44.018113638281235
lar1-no-fs-[0:7]-[],6,0.16,,0.0,,20000,50,20,2000,6.398059052244946,42.90506756981453
lar1-no-fs-[0:7]-[],7,0.16,,0.0,,20000,50,20,2000,6.407919639619006,38.13818413956601
lar1-no-fs-[0:7]-[],8,0.16,,0.0,,20000,50,20,1000,6.536766851761398,36.12466831822947
lar1-no-fs-[0:7]-[],9,0.16,,0.0,,20000,50,20,1000,6.36259995217569,41.53239647716272
lar1-no-fs-[0:7]-[],10,0.16,,0.0,,20000,50,20,2000,6.377538472640446,35.44549600514059
lar1-no-fs-[0:7]-[],11,0.16,,0.0,,20000,50,20,1000,6.171822534022649,34.51993912527895
lar1-no-fs-[0:7]-[],12,0.16,,0.0,,20000,50,20,1000,6.599447260465604,39.47776819959126
lar1-no-fs-[0:7]-[],13,0.16,,0.0,,20000,50,20,500,6.449337408622723,36.157084541244174
lar1-no-fs-[0:7]-[],14,0.16,,0.0,,20000,50,20,2000,6.354819789655522,40.03418146020757
lar1-no-fs-[0:7]-[],15,0.16,,0.0,,20000,50,20,200,6.444969146947741,39.347123847614924
lar1-no-fs-[0:7]-[],16,0.16,,0.0,,20000,50,20,1000,6.46364817468993,38.0787776053433
lar1-no-fs-[0:7]-[],17,0.16,,0.0,,20000,50,20,2000,6.6417313006611485,46.51959079045549
lar1-no-fs-[0:7]-[],18,0.16,,0.0,,20000,50,20,2000,6.452972965254539,37.4370327742049
lar1-no-fs-[0:7]-[],19,0.16,,0.0,,20000,50,20,1000,6.313501642477099,38.63235340775699
lar1-no-fs-[0:7]-[],20,0.16,,0.0,,20000,50,20,2000,6.373218988294134,33.483061677980565
lar1-no-fs-[0:7]-[],21,0.16,,0.0,,20000,50,20,1000,6.407576084253911,36.8638398478407
lar1-no-fs-[0:7]-[],22,0.16,,0.0,,20000,50,20,500,6.600383591453325,34.53026217440625
lar1-no-fs-[0:7]-[],23,0.16,,0.0,,20000,50,20,2000,6.602331413092451,46.0807761490823
lar1-no-fs-[0:7]-[],24,0.16,,0.0,,20000,50,20,2000,6.343520419413147,35.82050220023708
lar1-no-fs-[0:7]-[],25,0.16,,0.0,,20000,50,20,500,6.539984310466676,32.66547042508182
lar1-no-fs-[0:7]-[],26,0.16,,0.0,,20000,50,20,2000,6.69334262792189,40.362355388574734
lar1-no-fs-[0:7]-[],27,0.16,,0.0,,20000,50,20,2000,6.195643758004563,36.91674475002671
lar1-no-fs-[0:7]-[],28,0.16,,0.0,,20000,50,20,500,6.483924118613346,36.13954912163634
lar1-no-fs-[0:7]-[],29,0.16,,0.0,,20000,50,20,1000,6.6709119178926,38.89390615398726
lar1-no-fs-[0:7]-[],0,0.08,,0.0,,20000,100,20,2000,8.491731852452878,75.17988793774902
lar1-no-fs-[0:7]-[],1,0.08,,0.0,,20000,100,20,1000,8.677206493258506,66.30045166034458
lar1-no-fs-[0:7]-[],2,0.08,,0.0,,20000,100,20,500,8.436302702405486,69.38785414852218
lar1-no-fs-[0:7]-[],3,0.08,,0.0,,20000,100,20,2000,8.405453337694885,66.17713975141619
lar1-no-fs-[0:7]-[],4,0.08,,0.0,,20000,100,20,500,8.493801036574768,74.16378580520626
lar1-no-fs-[0:7]-[],5,0.08,,0.0,,20000,100,20,2000,8.501193771539459,70.4690220949997
lar1-no-fs-[0:7]-[],6,0.08,,0.0,,20000,100,20,2000,8.641497161337316,71.39384131830387
lar1-no-fs-[0:7]-[],7,0.08,,0.0,,20000,100,20,2000,8.694489085690229,69.4800361448124
lar1-no-fs-[0:7]-[],8,0.08,,0.0,,20000,100,20,100,8.894139718775829,66.17552577426002
lar1-no-fs-[0:7]-[],9,0.08,,0.0,,20000,100,20,2000,8.576920243250203,71.4395882927637
lar1-no-fs-[0:7]-[],10,0.08,,0.0,,20000,100,20,500,8.481175285366279,66.35413081369316
lar1-no-fs-[0:7]-[],11,0.08,,0.0,,20000,100,20,2000,8.898121749636141,75.49305924450483
lar1-no-fs-[0:7]-[],12,0.08,,0.0,,20000,100,20,500,8.666158938593043,64.0064760961581
lar1-no-fs-[0:7]-[],13,0.08,,0.0,,20000,100,20,2000,8.643091549902067,74.81883235317986
lar1-no-fs-[0:7]-[],14,0.08,,0.0,,20000,100,20,500,8.616062121378139,66.0864244641613
lar1-no-fs-[0:7]-[],15,0.08,,0.0,,20000,100,20,500,8.476593584899272,67.89940483561998
lar1-no-fs-[0:7]-[],16,0.08,,0.0,,20000,100,20,2000,8.39681931665099,63.950442809310196
lar1-no-fs-[0:7]-[],17,0.08,,0.0,,20000,100,20,2000,8.67464304635792,71.92079316446083
lar1-no-fs-[0:7]-[],18,0.08,,0.0,,20000,100,20,2000,8.4320192568311,72.27619228749542
lar1-no-fs-[0:7]-[],19,0.08,,0.0,,20000,100,20,2000,8.619906427390726,75.32870033419526
lar1-no-fs-[0:7]-[],20,0.08,,0.0,,20000,100,20,500,8.60084956616952,71.32429064172638
lar1-no-fs-[0:7]-[],21,0.08,,0.0,,20000,100,20,2000,8.438542160173384,65.33213007113804
lar1-no-fs-[0:7]-[],22,0.08,,0.0,,20000,100,20,2000,8.46978905171867,73.18858834571492
lar1-no-fs-[0:7]-[],23,0.08,,0.0,,20000,100,20,2000,8.367402381876413,70.75459228648815
lar1-no-fs-[0:7]-[],24,0.08,,0.0,,20000,100,20,2000,8.322764158296424,73.70040685136725
lar1-no-fs-[0:7]-[],25,0.08,,0.0,,20000,100,20,2000,8.645158407620237,67.89053109277923
lar1-no-fs-[0:7]-[],26,0.08,,0.0,,20000,100,20,2000,8.771059780567933,77.8526889178494
lar1-no-fs-[0:7]-[],27,0.08,,0.0,,20000,100,20,2000,8.412160316939032,77.10179826855462
lar1-no-fs-[0:7]-[],28,0.08,,0.0,,20000,100,20,2000,8.23691604630076,64.1615928936272
lar1-no-fs-[0:7]-[],29,0.08,,0.0,,20000,100,20,2000,8.619838235958253,65.18357681998747
lar1-no-fs-[0:7]-[],0,0.8,,0.0,,50000,10,20,2000,0.9982718055504542,0.7781414148866421
lar1-no-fs-[0:7]-[],1,0.8,,0.0,,50000,10,20,2000,0.9465426962571997,0.568934658316919
lar1-no-fs-[0:7]-[],2,0.8,,0.0,,50000,10,20,1000,0.9735605794034318,0.4936633154768336
lar1-no-fs-[0:7]-[],3,0.8,,0.0,,50000,10,20,2000,0.971766705203674,0.6318756183905845
lar1-no-fs-[0:7]-[],4,0.8,,0.0,,50000,10,20,2000,0.961468548850979,0.5552315981477343
lar1-no-fs-[0:7]-[],5,0.8,,0.0,,50000,10,20,2000,0.9497649579579699,0.5393635900886146
lar1-no-fs-[0:7]-[],6,0.8,,0.0,,50000,10,20,1000,0.932663714247702,0.5670636849820503
lar1-no-fs-[0:7]-[],7,0.8,,0.0,,50000,10,20,200,0.9608237518637373,0.6691700760455394
lar1-no-fs-[0:7]-[],8,0.8,,0.0,,50000,10,20,2000,0.9436533894823161,0.5346545808375777
lar1-no-fs-[0:7]-[],9,0.8,,0.0,,50000,10,20,500,0.9154513145870242,0.5298513540062878
lar1-no-fs-[0:7]-[],10,0.8,,0.0,,50000,10,20,2000,0.9413765756122128,0.6987575283253079
lar1-no-fs-[0:7]-[],11,0.8,,0.0,,50000,10,20,500,0.9402639961535569,0.5589541235829076
lar1-no-fs-[0:7]-[],12,0.8,,0.0,,50000,10,20,2000,0.9616292208889984,0.6882550313896433
lar1-no-fs-[0:7]-[],13,0.8,,0.0,,50000,10,20,2000,0.9167847623672007,0.5218630844219805
lar1-no-fs-[0:7]-[],14,0.8,,0.0,,50000,10,20,200,0.9824496621004765,0.6541031298692886
lar1-no-fs-[0:7]-[],15,0.8,,0.0,,50000,10,20,1000,0.9672305679322967,0.6291602280767341
lar1-no-fs-[0:7]-[],16,0.8,,0.0,,50000,10,20,500,0.9439291332503223,0.5702399972155466
lar1-no-fs-[0:7]-[],17,0.8,,0.0,,50000,10,20,2000,0.9625717265942633,0.6306800672802809
lar1-no-fs-[0:7]-[],18,0.8,,0.0,,50000,10,20,2000,0.9839609691186076,0.6714034515578479
lar1-no-fs-[0:7]-[],19,0.8,,0.0,,50000,10,20,2000,0.9611371035634243,0.6042608038596968
lar1-no-fs-[0:7]-[],20,0.8,,0.0,,50000,10,20,2000,0.9811434280295067,0.593309584699311
lar1-no-fs-[0:7]-[],21,0.8,,0.0,,50000,10,20,500,0.99853991421287,0.7618888834345263
lar1-no-fs-[0:7]-[],22,0.8,,0.0,,50000,10,20,2000,0.9906148225932025,0.657510705733946
lar1-no-fs-[0:7]-[],23,0.8,,0.0,,50000,10,20,2000,0.9242380926213128,0.5050074453620746
lar1-no-fs-[0:7]-[],24,0.8,,0.0,,50000,10,20,1000,0.9391961139027317,0.4924723175093225
lar1-no-fs-[0:7]-[],25,0.8,,0.0,,50000,10,20,1000,0.9678229022463931,0.5891348529092998
lar1-no-fs-[0:7]-[],26,0.8,,0.0,,50000,10,20,500,0.9886098580969734,0.6476236264828206
lar1-no-fs-[0:7]-[],27,0.8,,0.0,,50000,10,20,2000,0.956849725093496,0.7147631537178163
lar1-no-fs-[0:7]-[],28,0.8,,0.0,,50000,10,20,2000,0.9815865750314207,0.6390323469426192
lar1-no-fs-[0:7]-[],29,0.8,,0.0,,50000,10,20,2000,0.9975459968270548,0.6121037541887937
lar1-no-fs-[0:7]-[],0,0.32,,0.0,,50000,25,20,2000,3.3718394063048436,9.063979708726169
lar1-no-fs-[0:7]-[],1,0.32,,0.0,,50000,25,20,2000,3.3707460084054004,8.910084308185864
lar1-no-fs-[0:7]-[],2,0.32,,0.0,,50000,25,20,1000,3.533906485169417,9.426357202613032
lar1-no-fs-[0:7]-[],3,0.32,,0.0,,50000,25,20,2000,3.433472721545851,8.944025656513784
lar1-no-fs-[0:7]-[],4,0.32,,0.0,,50000,25,20,2000,3.3018462485893676,8.861579712160417
lar1-no-fs-[0:7]-[],5,0.32,,0.0,,50000,25,20,2000,3.454805589242884,9.596755301514182
lar1-no-fs-[0:7]-[],6,0.32,,0.0,,50000,25,20,2000,3.5015594242007246,9.612446618881116
lar1-no-fs-[0:7]-[],7,0.32,,0.0,,50000,25,20,2000,3.5673194140243374,9.897993766618194
lar1-no-fs-[0:7]-[],8,0.32,,0.0,,50000,25,20,2000,3.3664849969606103,8.94833563274498
lar1-no-fs-[0:7]-[],9,0.32,,0.0,,50000,25,20,500,3.3971599762429086,8.443119463931737
lar1-no-fs-[0:7]-[],10,0.32,,0.0,,50000,25,20,2000,3.462004062136855,9.213714221507109
lar1-no-fs-[0:7]-[],11,0.32,,0.0,,50000,25,20,2000,3.4268360101562885,8.781879945691438
lar1-no-fs-[0:7]-[],12,0.32,,0.0,,50000,25,20,2000,3.4142499235337294,9.103401354245552
lar1-no-fs-[0:7]-[],13,0.32,,0.0,,50000,25,20,2000,3.41997121031341,8.58330563316569
lar1-no-fs-[0:7]-[],14,0.32,,0.0,,50000,25,20,2000,3.406103075436206,9.384489123896099
lar1-no-fs-[0:7]-[],15,0.32,,0.0,,50000,25,20,2000,3.4443661757551975,8.78160732803894
lar1-no-fs-[0:7]-[],16,0.32,,0.0,,50000,25,20,2000,3.3617201060831525,8.863630524845075
lar1-no-fs-[0:7]-[],17,0.32,,0.0,,50000,25,20,1000,3.4993819533298502,8.694457468606592
lar1-no-fs-[0:7]-[],18,0.32,,0.0,,50000,25,20,2000,3.4755711375768255,8.930908497951211
lar1-no-fs-[0:7]-[],19,0.32,,0.0,,50000,25,20,2000,3.3208247088387135,8.820855246303742
lar1-no-fs-[0:7]-[],20,0.32,,0.0,,50000,25,20,2000,3.4463946590563923,9.1269713550447
lar1-no-fs-[0:7]-[],21,0.32,,0.0,,50000,25,20,2000,3.308209339397644,7.809837573823157
lar1-no-fs-[0:7]-[],22,0.32,,0.0,,50000,25,20,2000,3.3865475035475088,9.366089239065344
lar1-no-fs-[0:7]-[],23,0.32,,0.0,,50000,25,20,1000,3.4667722569859127,9.449361853555159
lar1-no-fs-[0:7]-[],24,0.32,,0.0,,50000,25,20,2000,3.3696477418341853,9.195757055616792
lar1-no-fs-[0:7]-[],25,0.32,,0.0,,50000,25,20,2000,3.371259841840595,8.75212807597301
lar1-no-fs-[0:7]-[],26,0.32,,0.0,,50000,25,20,500,3.477384913369738,8.464539795823338
lar1-no-fs-[0:7]-[],27,0.32,,0.0,,50000,25,20,500,3.423727887879971,7.902789669775558
lar1-no-fs-[0:7]-[],28,0.32,,0.0,,50000,25,20,1000,3.4786495455872104,8.133130951967017
lar1-no-fs-[0:7]-[],29,0.32,,0.0,,50000,25,20,1000,3.4783574398095896,8.586929227619848
lar1-no-fs-[0:7]-[],0,0.16,,0.0,,50000,50,20,2000,5.786786530252813,27.43770455596717
lar1-no-fs-[0:7]-[],1,0.16,,0.0,,50000,50,20,2000,5.566269119646413,25.951368534298084
lar1-no-fs-[0:7]-[],2,0.16,,0.0,,50000,50,20,1000,5.7003709623586,27.88204859629576
lar1-no-fs-[0:7]-[],3,0.16,,0.0,,50000,50,20,2000,5.821792262597781,28.02295168320251
lar1-no-fs-[0:7]-[],4,0.16,,0.0,,50000,50,20,2000,5.828974039768459,28.57882715517117
lar1-no-fs-[0:7]-[],5,0.16,,0.0,,50000,50,20,2000,5.690764698818096,29.29003723721381
lar1-no-fs-[0:7]-[],6,0.16,,0.0,,50000,50,20,2000,5.6446648874965835,27.52315032605374
lar1-no-fs-[0:7]-[],7,0.16,,0.0,,50000,50,20,2000,5.963511847272704,30.3279198156925
lar1-no-fs-[0:7]-[],8,0.16,,0.0,,50000,50,20,1000,5.865876067965968,26.865384262482756
lar1-no-fs-[0:7]-[],9,0.16,,0.0,,50000,50,20,2000,5.928574688657947,30.85960016370984
lar1-no-fs-[0:7]-[],10,0.16,,0.0,,50000,50,20,2000,5.860096856481575,29.004682456692922
lar1-no-fs-[0:7]-[],11,0.16,,0.0,,50000,50,20,2000,5.699933977357399,28.12078165289874
lar1-no-fs-[0:7]-[],12,0.16,,0.0,,50000,50,20,2000,5.9246180184204595,31.38419552867931
lar1-no-fs-[0:7]-[],13,0.16,,0.0,,50000,50,20,2000,5.919391506451917,28.47172520037386
lar1-no-fs-[0:7]-[],14,0.16,,0.0,,50000,50,20,2000,5.761731193414667,27.62670099623519
lar1-no-fs-[0:7]-[],15,0.16,,0.0,,50000,50,20,1000,5.855724203433798,29.610094695781356
lar1-no-fs-[0:7]-[],16,0.16,,0.0,,50000,50,20,2000,5.785693429033267,30.599248198115557
lar1-no-fs-[0:7]-[],17,0.16,,0.0,,50000,50,20,2000,5.886207114262015,29.206639564750386
lar1-no-fs-[0:7]-[],18,0.16,,0.0,,50000,50,20,200,5.721561756952087,24.862862230427847
lar1-no-fs-[0:7]-[],19,0.16,,0.0,,50000,50,20,2000,5.828230725143467,28.92215015701207
lar1-no-fs-[0:7]-[],20,0.16,,0.0,,50000,50,20,2000,5.7819746375378935,30.231464645966906
lar1-no-fs-[0:7]-[],21,0.16,,0.0,,50000,50,20,2000,5.751739859888289,26.597234941167386
lar1-no-fs-[0:7]-[],22,0.16,,0.0,,50000,50,20,2000,5.816541337102015,28.721010235478477
lar1-no-fs-[0:7]-[],23,0.16,,0.0,,50000,50,20,2000,5.876084609089604,31.237254172251063
lar1-no-fs-[0:7]-[],24,0.16,,0.0,,50000,50,20,2000,5.856351912335654,29.145602655699243
lar1-no-fs-[0:7]-[],25,0.16,,0.0,,50000,50,20,2000,5.816284065216,28.91251727740797
lar1-no-fs-[0:7]-[],26,0.16,,0.0,,50000,50,20,2000,5.791836907444965,29.227644579999865
lar1-no-fs-[0:7]-[],27,0.16,,0.0,,50000,50,20,2000,5.722361539007726,28.373637157853423
lar1-no-fs-[0:7]-[],28,0.16,,0.0,,50000,50,20,1000,5.836064432123185,29.013539616337148
lar1-no-fs-[0:7]-[],29,0.16,,0.0,,50000,50,20,2000,5.872755001544192,28.22569486436029
lar1-no-fs-[0:7]-[],0,0.08,,0.0,,50000,100,20,2000,8.147538565094854,60.92165862055709
lar1-no-fs-[0:7]-[],1,0.08,,0.0,,50000,100,20,2000,8.07041506143506,61.64056376970238
lar1-no-fs-[0:7]-[],2,0.08,,0.0,,50000,100,20,2000,8.124537703868437,64.5616469294914
lar1-no-fs-[0:7]-[],3,0.08,,0.0,,50000,100,20,2000,8.064470510711846,62.31034432481192
lar1-no-fs-[0:7]-[],4,0.08,,0.0,,50000,100,20,1000,8.008253928591925,58.35527792000076
lar1-no-fs-[0:7]-[],5,0.08,,0.0,,50000,100,20,2000,8.127761163680155,55.87541947767684
lar1-no-fs-[0:7]-[],6,0.08,,0.0,,50000,100,20,2000,8.096815734730283,57.189938040363884
lar1-no-fs-[0:7]-[],7,0.08,,0.0,,50000,100,20,2000,7.893565833085669,63.061707116548384
lar1-no-fs-[0:7]-[],8,0.08,,0.0,,50000,100,20,1000,8.154836650926384,53.25923986805881
lar1-no-fs-[0:7]-[],9,0.08,,0.0,,50000,100,20,2000,7.972867088182018,57.37940946624443
lar1-no-fs-[0:7]-[],10,0.08,,0.0,,50000,100,20,2000,7.991162135446268,56.39781352235343
lar1-no-fs-[0:7]-[],11,0.08,,0.0,,50000,100,20,2000,7.9053166532890735,59.80823448143388
lar1-no-fs-[0:7]-[],12,0.08,,0.0,,50000,100,20,1000,7.7986841959595345,55.108253465666884
lar1-no-fs-[0:7]-[],13,0.08,,0.0,,50000,100,20,2000,7.957563842638484,52.54055825677476
lar1-no-fs-[0:7]-[],14,0.08,,0.0,,50000,100,20,2000,7.962430294608331,61.97801460478023
lar1-no-fs-[0:7]-[],15,0.08,,0.0,,50000,100,20,2000,7.956726164814427,54.590533219140646
lar1-no-fs-[0:7]-[],16,0.08,,0.0,,50000,100,20,1000,8.024533957410046,52.15156406010581
lar1-no-fs-[0:7]-[],17,0.08,,0.0,,50000,100,20,2000,8.194072074146018,57.3158371186188
lar1-no-fs-[0:7]-[],18,0.08,,0.0,,50000,100,20,2000,8.093219064218054,57.63575651094777
lar1-no-fs-[0:7]-[],19,0.08,,0.0,,50000,100,20,2000,8.004482947380382,57.23321681028493
lar1-no-fs-[0:7]-[],20,0.08,,0.0,,50000,100,20,1000,8.170509755495523,59.14519475555129
lar1-no-fs-[0:7]-[],21,0.08,,0.0,,50000,100,20,2000,8.14703880920245,61.52477035996777
lar1-no-fs-[0:7]-[],22,0.08,,0.0,,50000,100,20,1000,7.882949446336145,53.216533046067326
lar1-no-fs-[0:7]-[],23,0.08,,0.0,,50000,100,20,2000,8.20640350754376,58.390518653933064
lar1-no-fs-[0:7]-[],24,0.08,,0.0,,50000,100,20,2000,7.918913381615335,57.3478302315976
lar1-no-fs-[0:7]-[],25,0.08,,0.0,,50000,100,20,2000,8.06727923516826,59.893668879907665
lar1-no-fs-[0:7]-[],26,0.08,,0.0,,50000,100,20,2000,7.995798109472434,59.607724270346246
lar1-no-fs-[0:7]-[],27,0.08,,0.0,,50000,100,20,1000,8.0878218239054,55.18396954224731
lar1-no-fs-[0:7]-[],28,0.08,,0.0,,50000,100,20,2000,8.06995263088095,56.76130152088797
lar1-no-fs-[0:7]-[],29,0.08,,0.0,,50000,100,20,2000,7.854924487360531,50.704003360832054
lar1-no-fs-[0:7]-[],0,0.8,,0.0,,100000,10,20,2000,0.7803125242577371,0.39014363500679494
lar1-no-fs-[0:7]-[],1,0.8,,0.0,,100000,10,20,2000,0.779806257537814,0.36643416819073377
lar1-no-fs-[0:7]-[],2,0.8,,0.0,,100000,10,20,500,0.7621183234200728,0.42471649035996817
lar1-no-fs-[0:7]-[],3,0.8,,0.0,,100000,10,20,1000,0.7978338006769287,0.4336254339282879
lar1-no-fs-[0:7]-[],4,0.8,,0.0,,100000,10,20,1000,0.7605768453587098,0.367563763401837
lar1-no-fs-[0:7]-[],5,0.8,,0.0,,100000,10,20,2000,0.7661698964747565,0.4000972833358158
lar1-no-fs-[0:7]-[],6,0.8,,0.0,,100000,10,20,2000,0.7758486717832396,0.3600908689351517
lar1-no-fs-[0:7]-[],7,0.8,,0.0,,100000,10,20,1000,0.7832148608697371,0.3937308821068044
lar1-no-fs-[0:7]-[],8,0.8,,0.0,,100000,10,20,2000,0.765250039569481,0.3578817601726386
lar1-no-fs-[0:7]-[],9,0.8,,0.0,,100000,10,20,2000,0.7950971462979147,0.4503377249048711
lar1-no-fs-[0:7]-[],10,0.8,,0.0,,100000,10,20,2000,0.7674820749702412,0.3789545513419738
lar1-no-fs-[0:7]-[],11,0.8,,0.0,,100000,10,20,2000,0.7751802553644345,0.34171267318217724
lar1-no-fs-[0:7]-[],12,0.8,,0.0,,100000,10,20,500,0.7863395780345687,0.41163435832177625
lar1-no-fs-[0:7]-[],13,0.8,,0.0,,100000,10,20,2000,0.7788281920013338,0.4532446711490579
lar1-no-fs-[0:7]-[],14,0.8,,0.0,,100000,10,20,2000,0.7617249654322241,0.37775063945930104
lar1-no-fs-[0:7]-[],15,0.8,,0.0,,100000,10,20,2000,0.790862101221069,0.36816966365191883
lar1-no-fs-[0:7]-[],16,0.8,,0.0,,100000,10,20,2000,0.768125388673819,0.3746484117468033
lar1-no-fs-[0:7]-[],17,0.8,,0.0,,100000,10,20,2000,0.8028162279067057,0.41684317593153863
lar1-no-fs-[0:7]-[],18,0.8,,0.0,,100000,10,20,1000,0.7708032924547424,0.37496683051192914
lar1-no-fs-[0:7]-[],19,0.8,,0.0,,100000,10,20,2000,0.7643377047992305,0.30715871784982557
lar1-no-fs-[0:7]-[],20,0.8,,0.0,,100000,10,20,2000,0.7926319330509609,0.33798788985043093
lar1-no-fs-[0:7]-[],21,0.8,,0.0,,100000,10,20,2000,0.7985478339510111,0.4310638584334243
lar1-no-fs-[0:7]-[],22,0.8,,0.0,,100000,10,20,2000,0.7994484277847264,0.35227918446115813
lar1-no-fs-[0:7]-[],23,0.8,,0.0,,100000,10,20,2000,0.7826130953747328,0.40617846224062226
lar1-no-fs-[0:7]-[],24,0.8,,0.0,,100000,10,20,2000,0.7586960393042962,0.3530044252487683
lar1-no-fs-[0:7]-[],25,0.8,,0.0,,100000,10,20,2000,0.7583158333701823,0.37177289065957314
lar1-no-fs-[0:7]-[],26,0.8,,0.0,,100000,10,20,2000,0.7806219812159599,0.3699371472842754
lar1-no-fs-[0:7]-[],27,0.8,,0.0,,100000,10,20,2000,0.7848294925333708,0.3611238598412526
lar1-no-fs-[0:7]-[],28,0.8,,0.0,,100000,10,20,2000,0.7698648416229354,0.4032452000657971
lar1-no-fs-[0:7]-[],29,0.8,,0.0,,100000,10,20,2000,0.7718524939723946,0.40725291589613577
lar1-no-fs-[0:7]-[],0,0.32,,0.0,,100000,25,20,2000,3.012863573046606,6.706558949767843
lar1-no-fs-[0:7]-[],1,0.32,,0.0,,100000,25,20,2000,3.108364863903985,7.036583896731806
lar1-no-fs-[0:7]-[],2,0.32,,0.0,,100000,25,20,2000,3.0216055838668496,6.844484365078832
lar1-no-fs-[0:7]-[],3,0.32,,0.0,,100000,25,20,2000,3.095463790961513,6.996249979400306
lar1-no-fs-[0:7]-[],4,0.32,,0.0,,100000,25,20,1000,3.0366574169812894,6.79340340492301
lar1-no-fs-[0:7]-[],5,0.32,,0.0,,100000,25,20,2000,3.13653603814892,7.120289406872905
lar1-no-fs-[0:7]-[],6,0.32,,0.0,,100000,25,20,2000,3.0950794652357634,6.76673700895948
lar1-no-fs-[0:7]-[],7,0.32,,0.0,,100000,25,20,2000,2.9697400358540564,6.4968096674962625
lar1-no-fs-[0:7]-[],8,0.32,,0.0,,100000,25,20,2000,3.1209091329184755,7.192775490750286
lar1-no-fs-[0:7]-[],9,0.32,,0.0,,100000,25,20,2000,3.088605956253673,7.015458917784692
lar1-no-fs-[0:7]-[],10,0.32,,0.0,,100000,25,20,2000,3.0148328442105954,6.4658757929982364
lar1-no-fs-[0:7]-[],11,0.32,,0.0,,100000,25,20,2000,3.040593376029685,6.527065672187289
lar1-no-fs-[0:7]-[],12,0.32,,0.0,,100000,25,20,2000,3.029351346355862,6.92645028829911
lar1-no-fs-[0:7]-[],13,0.32,,0.0,,100000,25,20,2000,3.015070481853265,6.732151526552759
lar1-no-fs-[0:7]-[],14,0.32,,0.0,,100000,25,20,2000,3.0836831607443314,7.096189282957409
lar1-no-fs-[0:7]-[],15,0.32,,0.0,,100000,25,20,2000,3.1339289225797087,7.050926479395
lar1-no-fs-[0:7]-[],16,0.32,,0.0,,100000,25,20,2000,3.1087615611940644,6.812707094597144
lar1-no-fs-[0:7]-[],17,0.32,,0.0,,100000,25,20,2000,3.1065892573489973,6.925599642383623
lar1-no-fs-[0:7]-[],18,0.32,,0.0,,100000,25,20,2000,3.053372687324332,7.0684057919816
lar1-no-fs-[0:7]-[],19,0.32,,0.0,,100000,25,20,2000,3.077380602918625,6.72570836551716
lar1-no-fs-[0:7]-[],20,0.32,,0.0,,100000,25,20,2000,3.0019957495786826,7.036608878074136
lar1-no-fs-[0:7]-[],21,0.32,,0.0,,100000,25,20,1000,3.072636094853765,6.382108690520094
lar1-no-fs-[0:7]-[],22,0.32,,0.0,,100000,25,20,2000,3.111863874559002,7.234216817527777
lar1-no-fs-[0:7]-[],23,0.32,,0.0,,100000,25,20,2000,3.014973616149336,6.697673935400623
lar1-no-fs-[0:7]-[],24,0.32,,0.0,,100000,25,20,2000,3.0668506177440875,6.741902597702982
lar1-no-fs-[0:7]-[],25,0.32,,0.0,,100000,25,20,1000,3.1134097197314183,6.28615867757827
lar1-no-fs-[0:7]-[],26,0.32,,0.0,,100000,25,20,2000,3.0981946389732347,7.105907930799029
lar1-no-fs-[0:7]-[],27,0.32,,0.0,,100000,25,20,2000,3.0420309894608817,6.601728168577126
lar1-no-fs-[0:7]-[],28,0.32,,0.0,,100000,25,20,2000,3.0713155407634303,6.821759030041483
lar1-no-fs-[0:7]-[],29,0.32,,0.0,,100000,25,20,2000,3.0522932277562145,6.490950814680098
lar1-no-fs-[0:7]-[],0,0.16,,0.0,,100000,50,20,2000,5.372268014159541,24.027235373144006
lar1-no-fs-[0:7]-[],1,0.16,,0.0,,100000,50,20,2000,5.405230273572081,23.41632071290253
lar1-no-fs-[0:7]-[],2,0.16,,0.0,,100000,50,20,2000,5.372945774304403,22.886369250233138
lar1-no-fs-[0:7]-[],3,0.16,,0.0,,100000,50,20,2000,5.395008076339862,25.2145964594223
lar1-no-fs-[0:7]-[],4,0.16,,0.0,,100000,50,20,2000,5.361520006605552,23.98691671796355
lar1-no-fs-[0:7]-[],5,0.16,,0.0,,100000,50,20,2000,5.487500169949501,24.17459899294971
lar1-no-fs-[0:7]-[],6,0.16,,0.0,,100000,50,20,2000,5.469046276815676,25.402019394619106
lar1-no-fs-[0:7]-[],7,0.16,,0.0,,100000,50,20,2000,5.493412341861538,24.605175865584496
lar1-no-fs-[0:7]-[],8,0.16,,0.0,,100000,50,20,2000,5.33143409359783,25.16892018851741
lar1-no-fs-[0:7]-[],9,0.16,,0.0,,100000,50,20,2000,5.4658104697794245,25.8781918361027
lar1-no-fs-[0:7]-[],10,0.16,,0.0,,100000,50,20,2000,5.320353529116114,24.59416582755392
lar1-no-fs-[0:7]-[],11,0.16,,0.0,,100000,50,20,2000,5.358214719965493,23.050072808015976
lar1-no-fs-[0:7]-[],12,0.16,,0.0,,100000,50,20,2000,5.289311147033303,22.69143465843324
lar1-no-fs-[0:7]-[],13,0.16,,0.0,,100000,50,20,2000,5.442143204268763,25.03867831166343
lar1-no-fs-[0:7]-[],14,0.16,,0.0,,100000,50,20,2000,5.403467104152964,25.170463649564518
lar1-no-fs-[0:7]-[],15,0.16,,0.0,,100000,50,20,2000,5.226030860107052,22.68505992493816
lar1-no-fs-[0:7]-[],16,0.16,,0.0,,100000,50,20,2000,5.443590388951837,24.480104694323646
lar1-no-fs-[0:7]-[],17,0.16,,0.0,,100000,50,20,2000,5.356399356958771,22.263599907655966
lar1-no-fs-[0:7]-[],18,0.16,,0.0,,100000,50,20,1000,5.376152346214137,22.54940729753362
lar1-no-fs-[0:7]-[],19,0.16,,0.0,,100000,50,20,2000,5.527071381195181,24.60920484378679
lar1-no-fs-[0:7]-[],20,0.16,,0.0,,100000,50,20,2000,5.362251368422141,24.84496469611296
lar1-no-fs-[0:7]-[],21,0.16,,0.0,,100000,50,20,2000,5.443096496381359,24.203423053375733
lar1-no-fs-[0:7]-[],22,0.16,,0.0,,100000,50,20,2000,5.489668687679115,25.625751341996327
lar1-no-fs-[0:7]-[],23,0.16,,0.0,,100000,50,20,1000,5.413990939909197,22.697729195337686
lar1-no-fs-[0:7]-[],24,0.16,,0.0,,100000,50,20,2000,5.475924094300927,23.587411524391324
lar1-no-fs-[0:7]-[],25,0.16,,0.0,,100000,50,20,2000,5.433323840332259,24.374025772546386
lar1-no-fs-[0:7]-[],26,0.16,,0.0,,100000,50,20,1000,5.346419804260713,23.581798790462695
lar1-no-fs-[0:7]-[],27,0.16,,0.0,,100000,50,20,2000,5.37530431725191,23.795069720405913
lar1-no-fs-[0:7]-[],28,0.16,,0.0,,100000,50,20,2000,5.419416121799721,22.73094499163219
lar1-no-fs-[0:7]-[],29,0.16,,0.0,,100000,50,20,2000,5.411859917586967,22.77527524126299
lar1-no-fs-[0:7]-[],0,0.08,,0.0,,100000,100,20,2000,7.58871928499086,52.58636502959023
lar1-no-fs-[0:7]-[],1,0.08,,0.0,,100000,100,20,2000,7.594178771668139,53.54695302446527
lar1-no-fs-[0:7]-[],2,0.08,,0.0,,100000,100,20,2000,7.745727644588605,52.82445253027782
lar1-no-fs-[0:7]-[],3,0.08,,0.0,,100000,100,20,2000,7.773785586626597,51.03237470377375
lar1-no-fs-[0:7]-[],4,0.08,,0.0,,100000,100,20,2000,7.562107129366701,51.217587825092245
lar1-no-fs-[0:7]-[],5,0.08,,0.0,,100000,100,20,2000,7.657792433445025,49.87213185073749
lar1-no-fs-[0:7]-[],6,0.08,,0.0,,100000,100,20,2000,7.690742691380263,51.55106416712579
lar1-no-fs-[0:7]-[],7,0.08,,0.0,,100000,100,20,2000,7.738143145177439,51.77012161025047
lar1-no-fs-[0:7]-[],8,0.08,,0.0,,100000,100,20,1000,7.683656128910661,52.182617995686925
lar1-no-fs-[0:7]-[],9,0.08,,0.0,,100000,100,20,2000,7.6388555760700125,52.67121512888679
lar1-no-fs-[0:7]-[],10,0.08,,0.0,,100000,100,20,1000,7.822686961442615,54.69691978463635
lar1-no-fs-[0:7]-[],11,0.08,,0.0,,100000,100,20,2000,7.653161523152637,47.41465523646683
lar1-no-fs-[0:7]-[],12,0.08,,0.0,,100000,100,20,2000,7.567423503015908,50.002884776927765
lar1-no-fs-[0:7]-[],13,0.08,,0.0,,100000,100,20,2000,7.81733293987813,53.68272212460856
lar1-no-fs-[0:7]-[],14,0.08,,0.0,,100000,100,20,2000,7.812328771920451,53.90588182106591
lar1-no-fs-[0:7]-[],15,0.08,,0.0,,100000,100,20,2000,7.6285171459594965,52.16091787619291
lar1-no-fs-[0:7]-[],16,0.08,,0.0,,100000,100,20,2000,7.702120686230821,51.56521551737439
lar1-no-fs-[0:7]-[],17,0.08,,0.0,,100000,100,20,1000,7.841858589828621,51.32117850857
lar1-no-fs-[0:7]-[],18,0.08,,0.0,,100000,100,20,2000,7.781727275063102,53.4403060405563
lar1-no-fs-[0:7]-[],19,0.08,,0.0,,100000,100,20,2000,7.630217718485001,50.961336686015514
lar1-no-fs-[0:7]-[],20,0.08,,0.0,,100000,100,20,2000,7.80654082328652,54.24144274373857
lar1-no-fs-[0:7]-[],21,0.08,,0.0,,100000,100,20,2000,7.678677564719498,49.75970379678523
lar1-no-fs-[0:7]-[],22,0.08,,0.0,,100000,100,20,2000,7.692916918678042,57.29938607352931
lar1-no-fs-[0:7]-[],23,0.08,,0.0,,100000,100,20,1000,7.725247754358907,54.37958053778916
lar1-no-fs-[0:7]-[],24,0.08,,0.0,,100000,100,20,2000,7.924520121501467,56.40806764482691
lar1-no-fs-[0:7]-[],25,0.08,,0.0,,100000,100,20,2000,7.580487655530838,53.21128011327424
lar1-no-fs-[0:7]-[],26,0.08,,0.0,,100000,100,20,1000,7.763347136071813,53.48155667574356
lar1-no-fs-[0:7]-[],27,0.08,,0.0,,100000,100,20,2000,7.847233443339449,52.87913488406564
lar1-no-fs-[0:7]-[],28,0.08,,0.0,,100000,100,20,1000,7.610062076985677,51.175775927829584
lar1-no-fs-[0:7]-[],29,0.08,,0.0,,100000,100,20,2000,7.746386356310259,51.76124563111197
